# ************************************************************
# Sequel Pro SQL dump
# Версия 4541
#
# http://www.sequelpro.com/
# https://github.com/sequelpro/sequelpro
#
# Адрес: 127.0.0.1 (MySQL 5.7.29)
# Схема: psb_test
# Время создания: 2020-12-25 19:28:20 +0000
# ************************************************************


/*!40101 SET @OLD_CHARACTER_SET_CLIENT=@@CHARACTER_SET_CLIENT */;
/*!40101 SET @OLD_CHARACTER_SET_RESULTS=@@CHARACTER_SET_RESULTS */;
/*!40101 SET @OLD_COLLATION_CONNECTION=@@COLLATION_CONNECTION */;
/*!40101 SET NAMES utf8 */;
/*!40014 SET @OLD_FOREIGN_KEY_CHECKS=@@FOREIGN_KEY_CHECKS, FOREIGN_KEY_CHECKS=0 */;
/*!40101 SET @OLD_SQL_MODE=@@SQL_MODE, SQL_MODE='NO_AUTO_VALUE_ON_ZERO' */;
/*!40111 SET @OLD_SQL_NOTES=@@SQL_NOTES, SQL_NOTES=0 */;


# Дамп таблицы ar_internal_metadata
# ------------------------------------------------------------

DROP TABLE IF EXISTS `ar_internal_metadata`;

CREATE TABLE `ar_internal_metadata` (
  `key` varchar(255) NOT NULL,
  `value` varchar(255) DEFAULT NULL,
  `created_at` datetime NOT NULL,
  `updated_at` datetime NOT NULL,
  PRIMARY KEY (`key`)
) ENGINE=InnoDB DEFAULT CHARSET=utf8;

LOCK TABLES `ar_internal_metadata` WRITE;
/*!40000 ALTER TABLE `ar_internal_metadata` DISABLE KEYS */;

INSERT INTO `ar_internal_metadata` (`key`, `value`, `created_at`, `updated_at`)
VALUES
	('environment','development','2019-02-16 15:22:10','2019-02-16 15:22:10');

/*!40000 ALTER TABLE `ar_internal_metadata` ENABLE KEYS */;
UNLOCK TABLES;


# Дамп таблицы codes
# ------------------------------------------------------------

DROP TABLE IF EXISTS `codes`;

CREATE TABLE `codes` (
  `id` bigint(20) NOT NULL AUTO_INCREMENT,
  `code` varchar(255) DEFAULT NULL,
  `use` tinyint(1) DEFAULT NULL,
  `created_at` datetime DEFAULT NULL,
  `updated_at` datetime DEFAULT NULL,
  PRIMARY KEY (`id`)
) ENGINE=InnoDB DEFAULT CHARSET=utf8;

LOCK TABLES `codes` WRITE;
/*!40000 ALTER TABLE `codes` DISABLE KEYS */;

INSERT INTO `codes` (`id`, `code`, `use`, `created_at`, `updated_at`)
VALUES
	(4,' 7136 3212 0277 4303',0,'2019-03-13 17:13:45','2019-03-13 19:02:33'),
	(5,' 2925 4911 5224 7252',0,'2019-03-13 17:13:45','2019-03-13 19:45:51'),
	(6,' 1518 2700 5584 1394',0,'2019-03-13 17:13:45','2019-03-14 08:13:44'),
	(7,' 1335 6036 0025 9395',0,'2019-03-13 17:13:45','2019-03-14 08:17:45'),
	(8,' 9640 4071 5658 7630',0,'2019-03-13 17:13:45','2019-03-14 09:27:53'),
	(9,' 0821 8677 3980 6489',0,'2019-03-13 17:13:45','2019-03-14 09:31:04'),
	(10,' 7070 0283 0906 9879',0,'2019-03-13 17:13:45','2019-03-13 17:13:45'),
	(11,' 2318 4696 0772 5268',0,'2019-03-13 17:13:45','2019-03-13 17:13:45'),
	(12,' 1359 6114 2706 8455',0,'2019-03-13 17:13:45','2019-03-13 17:13:45'),
	(13,' 8512 1703 6618 0344',0,'2019-03-13 17:13:45','2019-03-13 17:13:45'),
	(14,' 9510 4097 8169 9151',0,'2019-03-13 17:13:45','2019-03-13 17:13:45'),
	(15,' 6847 8705 0901 9995',0,'2019-03-13 17:13:45','2019-03-13 17:13:45'),
	(16,' 6311 2713 2817 3878',0,'2019-03-13 17:13:45','2019-03-13 17:13:45'),
	(17,' 8103 7809 6980 8627',0,'2019-03-13 17:13:45','2019-03-13 17:13:45'),
	(18,' 4498 0462 0622 7580',0,'2019-03-13 17:13:45','2019-03-13 17:13:45'),
	(19,' 8017 8188 3421 7014',0,'2019-03-13 17:13:45','2019-03-13 17:13:45'),
	(20,' 6230 7638 5039 4426',0,'2019-03-13 17:13:45','2019-03-13 17:13:45'),
	(21,' 8402 7875 4446 6578',0,'2019-03-13 17:13:46','2019-03-13 17:13:46'),
	(22,' 8351 2420 9856 9940',0,'2019-03-13 17:13:46','2019-03-13 17:13:46'),
	(23,' 5647 4971 0380 6351',0,'2019-03-13 17:13:46','2019-03-13 17:13:46'),
	(24,' 8330 5949 7072 5445',0,'2019-03-13 17:13:46','2019-03-13 17:13:46'),
	(25,' 8674 3717 1129 6640',0,'2019-03-13 17:13:46','2019-03-13 17:13:46'),
	(26,' 3834 7192 2895 6750',0,'2019-03-13 17:13:46','2019-03-13 17:13:46'),
	(27,' 2871 7679 4200 1674',0,'2019-03-13 17:13:46','2019-03-13 17:13:46'),
	(28,' 1844 3766 6889 3291',0,'2019-03-13 17:13:46','2019-03-13 17:13:46'),
	(29,' 3097 9068 8804 5929',0,'2019-03-13 17:13:46','2019-03-13 17:13:46'),
	(30,' 8291 8739 6278 0218',0,'2019-03-13 17:13:46','2019-03-13 17:13:46'),
	(31,' 4207 6140 5346 7128',0,'2019-03-13 17:13:46','2019-03-13 17:13:46'),
	(32,' 3658 4038 7212 9688',0,'2019-03-13 17:13:46','2019-03-13 17:13:46'),
	(33,' 3823 3856 9749 8288',0,'2019-03-13 17:13:46','2019-03-13 17:13:46'),
	(34,' 3707 8516 0250 3774',0,'2019-03-13 17:13:46','2019-03-13 17:13:46'),
	(35,' 1895 8642 3066 6754',0,'2019-03-13 17:13:46','2019-03-13 17:13:46'),
	(36,' 7217 0398 3822 6578',0,'2019-03-13 17:13:46','2019-03-13 17:13:46'),
	(37,' 1831 2458 9441 4520',0,'2019-03-13 17:13:46','2019-03-13 17:13:46'),
	(38,' 3575 6117 3573 6877',0,'2019-03-13 17:13:46','2019-03-13 17:13:46'),
	(39,' 3080 7699 0994 7345',0,'2019-03-13 17:13:46','2019-03-13 17:13:46'),
	(40,' 2227 1049 8432 9528',0,'2019-03-13 17:13:46','2019-03-13 17:13:46'),
	(41,' 9350 1677 3629 3402',0,'2019-03-13 17:13:46','2019-03-13 17:13:46'),
	(42,' 8291 3414 5020 6421',0,'2019-03-13 17:13:46','2019-03-13 17:13:46'),
	(43,' 8675 6915 3849 8897',0,'2019-03-13 17:13:46','2019-03-13 17:13:46'),
	(44,' 7022 4563 7448 5384',0,'2019-03-13 17:13:46','2019-03-13 17:13:46'),
	(45,' 6147 1438 9704 0739',0,'2019-03-13 17:13:46','2019-03-13 17:13:46'),
	(46,' 7720 9116 4246 5400',0,'2019-03-13 17:13:46','2019-03-13 17:13:46'),
	(47,' 4844 2343 3934 4328',0,'2019-03-13 17:13:46','2019-03-13 17:13:46'),
	(48,' 1610 3715 1225 1605',0,'2019-03-13 17:13:46','2019-03-13 17:13:46'),
	(49,' 2292 8757 2926 8226',0,'2019-03-13 17:13:46','2019-03-13 17:13:46'),
	(50,' 1137 8228 6128 5949',0,'2019-03-13 17:13:46','2019-03-13 17:13:46'),
	(51,' 4365 6183 3280 5775',0,'2019-03-13 17:13:46','2019-03-13 17:13:46'),
	(52,' 4206 7027 5934 2662',0,'2019-03-13 17:13:46','2019-03-13 17:13:46'),
	(53,' 8117 6268 8522 3278',0,'2019-03-13 17:13:46','2019-03-13 17:13:46');

/*!40000 ALTER TABLE `codes` ENABLE KEYS */;
UNLOCK TABLES;


# Дамп таблицы companies
# ------------------------------------------------------------

DROP TABLE IF EXISTS `companies`;

CREATE TABLE `companies` (
  `id` bigint(20) NOT NULL AUTO_INCREMENT,
  `name` varchar(255) DEFAULT NULL,
  `level` varchar(255) DEFAULT NULL,
  `created_at` datetime NOT NULL,
  `updated_at` datetime NOT NULL,
  PRIMARY KEY (`id`)
) ENGINE=InnoDB DEFAULT CHARSET=utf8;

LOCK TABLES `companies` WRITE;
/*!40000 ALTER TABLE `companies` DISABLE KEYS */;

INSERT INTO `companies` (`id`, `name`, `level`, `created_at`, `updated_at`)
VALUES
	(1,'«Газпром»','1','2019-02-21 18:20:14','2019-02-21 18:20:14'),
	(2,'«Лукойл»','1','2019-02-21 18:20:36','2019-02-21 18:20:36'),
	(3,'ПАО «Роснефть»','1','2019-02-21 18:21:00','2019-02-21 18:21:00'),
	(4,'ОАО «РЖД»','1','2019-02-21 18:21:20','2019-02-21 18:21:20'),
	(5,'«Аэрофлот»','1','2019-02-21 18:21:36','2019-02-21 18:21:36'),
	(6,'АО «Атомстройэкспорт»','2','2019-02-21 18:21:48','2019-02-21 18:21:48'),
	(7,'АО «Уралвагонзавод»','2','2019-02-21 18:22:23','2019-02-21 18:22:23'),
	(8,'АО «Алроса»','2','2019-02-21 18:22:42','2019-02-21 18:22:42'),
	(9,'«Магнит»','2','2019-02-21 18:23:26','2019-02-21 18:23:26'),
	(10,'АО «Вертолёты России»','2','2019-02-21 18:23:39','2019-02-21 18:23:39'),
	(11,'ООО «Регионспецмонтаж»','3','2019-02-21 18:23:58','2019-02-21 18:23:58'),
	(12,'ПАО «Славнефть»','3','2019-02-21 18:24:21','2019-02-21 18:24:21'),
	(13,'АО «Фармасинтез»','3','2019-02-21 18:24:37','2019-02-21 18:24:37'),
	(14,'«ПИК»','3','2019-02-21 18:25:00','2019-02-21 18:25:00'),
	(15,'ООО «Русэнергосбыт»','3','2019-02-21 18:25:19','2019-02-21 18:25:19');

/*!40000 ALTER TABLE `companies` ENABLE KEYS */;
UNLOCK TABLES;


# Дамп таблицы hero_test_values
# ------------------------------------------------------------

DROP TABLE IF EXISTS `hero_test_values`;

CREATE TABLE `hero_test_values` (
  `id` bigint(20) NOT NULL AUTO_INCREMENT,
  `name` varchar(255) DEFAULT NULL,
  `big` tinyint(1) DEFAULT NULL,
  `middle` tinyint(1) DEFAULT NULL,
  `small` tinyint(1) DEFAULT NULL,
  `hero_test_id` bigint(20) DEFAULT NULL,
  `created_at` datetime NOT NULL,
  `updated_at` datetime NOT NULL,
  PRIMARY KEY (`id`),
  KEY `index_hero_test_values_on_hero_test_id` (`hero_test_id`),
  CONSTRAINT `fk_rails_ba555dc719` FOREIGN KEY (`hero_test_id`) REFERENCES `hero_tests` (`id`)
) ENGINE=InnoDB DEFAULT CHARSET=utf8;

LOCK TABLES `hero_test_values` WRITE;
/*!40000 ALTER TABLE `hero_test_values` DISABLE KEYS */;

INSERT INTO `hero_test_values` (`id`, `name`, `big`, `middle`, `small`, `hero_test_id`, `created_at`, `updated_at`)
VALUES
	(1,'Более 10 лет',1,0,0,1,'2019-02-17 09:32:57','2019-02-17 09:32:57'),
	(2,'Менее 10 лет',1,1,0,1,'2019-02-17 09:33:07','2019-02-17 09:33:07'),
	(3,'Менее года',0,0,1,1,'2019-02-17 09:33:14','2019-03-11 17:09:09'),
	(4,'Да, могу',1,0,0,2,'2019-02-17 09:33:29','2019-03-13 17:36:25'),
	(5,'Нет, не могу',0,0,1,2,'2019-02-17 09:33:36','2019-03-13 17:36:32'),
	(6,'Не организовывал подобные мероприятия, но могу',0,1,1,2,'2019-02-17 09:33:43','2019-03-13 17:36:39'),
	(7,'Расчётный счёт',0,1,0,3,'2019-02-17 09:34:01','2019-03-13 17:36:59'),
	(8,'Расчётный счёт и спецсчёт',1,0,0,3,'2019-02-17 09:34:14','2019-03-13 17:37:09'),
	(9,'У меня нет счёта в банке, я работаю только за наличные',0,0,1,3,'2019-02-17 09:34:23','2019-03-13 17:37:17'),
	(10,'Более 10% от стоимости контракта',1,1,0,4,'2019-02-17 09:34:40','2019-02-17 09:34:40'),
	(11,'Более 20% от стоимости контракта',0,0,0,4,'2019-02-17 09:34:49','2019-02-17 09:34:49'),
	(12,'Не менее 5% от стоимости контракта',0,0,1,4,'2019-02-17 09:34:59','2019-02-17 09:34:59'),
	(13,'Начисление процентов на остаток на спецсчёте',1,0,0,5,'2019-02-17 09:35:16','2019-03-13 17:37:39'),
	(14,'Предоставление банковской гарантии',1,1,0,5,'2019-02-17 09:35:20','2019-03-11 17:12:10'),
	(15,'Наличие помощи с оформлением документов для тендера',0,0,1,5,'2019-02-17 09:35:27','2019-03-13 17:37:45'),
	(16,'Только с региональными компаниями',0,0,1,6,'2019-02-17 11:19:50','2019-02-17 11:19:50'),
	(17,'С региональными компаниями и тремя федеральными корпорациями',0,1,0,6,'2019-02-17 11:19:55','2019-03-13 17:38:36'),
	(18,'Работаю только с крупными госкомпаниями ',1,0,0,6,'2019-02-17 11:20:06','2019-02-17 11:20:06'),
	(19,'Счёт в крупном федеральном банке',1,1,0,7,'2019-02-17 11:20:27','2019-03-13 17:39:05'),
	(20,'Счёт в банке, у которого самая маленькая комиссия за обслуживание',0,0,1,7,'2019-02-17 11:20:35','2019-03-13 17:39:07'),
	(21,'Спецсчёт в банке',1,0,0,7,'2019-02-17 11:20:43','2019-03-13 17:39:13'),
	(22,'Собственных средств',1,0,0,8,'2019-02-17 11:21:02','2019-03-13 17:39:45'),
	(23,'Гарантии банка из топ-10',1,1,0,8,'2019-02-17 11:21:11','2019-03-13 17:39:50'),
	(24,'Договора поручительства',0,0,1,8,'2019-02-17 11:21:18','2019-03-13 17:39:57'),
	(25,'Один месяц',0,1,1,9,'2019-02-17 11:21:47','2019-03-13 17:40:48'),
	(26,'14 дней',1,0,0,9,'2019-02-17 11:21:56','2019-03-13 17:40:55'),
	(27,'То время, которое указано в контракте',1,0,0,9,'2019-02-17 11:22:04','2019-03-13 17:41:04'),
	(28,'Конечно же, я выиграю, ведь цена – это главное',0,1,0,10,'2019-02-17 11:22:39','2019-03-13 17:41:26'),
	(29,'Полагаю, что всё же не выиграю – организаторы сделают выбор в пользу того, с кем сотрудничали ранее',0,0,1,10,'2019-02-17 11:22:47','2019-03-13 17:41:33'),
	(30,'Если, помимо цены, я подойду под другие критерии из ТЗ, то обязательно выиграю',1,0,0,10,'2019-02-17 11:22:57','2019-03-13 17:41:39'),
	(31,'Более 10 лет',1,0,0,11,'2019-02-17 11:39:06','2019-02-17 11:39:06'),
	(32,'Менее 10 лет',0,1,0,11,'2019-02-17 11:39:13','2019-02-17 11:39:13'),
	(33,'Менее года',0,0,1,11,'2019-02-17 11:39:21','2019-03-11 17:18:39'),
	(34,'Да, можем',1,0,0,12,'2019-02-17 11:39:43','2019-03-13 17:47:48'),
	(35,'Нет, мы и дальше можем действовать только как субподрядчик',0,1,0,12,'2019-02-17 11:39:50','2019-03-13 17:47:54'),
	(36,'Да, но вряд ли победим',0,0,1,12,'2019-02-17 11:39:58','2019-03-13 17:48:00'),
	(37,'Собственных средств',1,0,0,13,'2019-02-17 11:40:55','2019-03-13 17:48:21'),
	(38,'Гарантии банка из топ-10',1,1,0,13,'2019-02-17 11:41:01','2019-03-13 17:48:26'),
	(39,'Оперативно оформленного кредита',0,0,1,13,'2019-02-17 11:41:08','2019-03-13 17:48:31'),
	(40,'Расчётный счёт',0,1,0,14,'2019-02-17 11:41:33','2019-03-13 17:48:52'),
	(41,'Расчётный счёт и спецсчёт',1,0,0,14,'2019-02-17 11:41:40','2019-03-13 17:48:58'),
	(42,'У нас нет счёта в банке, мы работаем только за наличные',0,0,1,14,'2019-02-17 11:41:50','2019-03-13 17:49:04'),
	(43,'В 223-ФЗ и 44-ФЗ',1,0,0,15,'2019-02-17 11:48:50','2019-03-13 17:49:21'),
	(44,'В Конституции',0,0,1,15,'2019-02-17 11:48:54','2019-02-17 11:48:54'),
	(45,'Каждая компания обозначает свои правила',0,1,1,15,'2019-02-17 11:49:01','2019-03-13 17:49:36'),
	(46,'Конечно, могу',0,1,1,16,'2019-02-17 11:50:47','2019-03-13 17:50:19'),
	(47,'Это зависит от требований к участникам тех или иных закупок',1,0,0,16,'2019-02-17 11:50:54','2019-03-13 17:50:26'),
	(48,'Нет, не могу',0,0,0,16,'2019-02-17 11:51:01','2019-03-13 17:50:31'),
	(49,'Скорее всего да, необходимо будет открыть расчётный счёт в том же банке, что и у клиента',0,0,1,17,'2019-02-17 11:52:28','2019-03-13 17:50:49'),
	(50,'Нет, это ни на что не повлияет',0,1,0,17,'2019-02-17 11:52:35','2019-03-13 17:50:55'),
	(51,'Это неважно, главное – наличие спецсчёта, без которого нельзя участвовать в госзакупках',1,0,0,17,'2019-02-17 11:52:43','2019-03-13 17:51:02'),
	(52,'Я могу самостоятельно приобрести её в специальном удостоверяющем центре',1,0,0,18,'2019-02-17 11:53:05','2019-03-13 17:51:23'),
	(53,'Цифровую подпись выдаёт тендерная площадка',0,1,0,18,'2019-02-17 11:53:12','2019-03-11 17:22:45'),
	(54,'Цифровую подпись предоставляет банк',0,0,1,18,'2019-02-17 11:53:23','2019-03-11 17:22:53'),
	(55,'Более 10% от стоимости контракта',0,1,0,19,'2019-02-17 11:53:50','2019-02-17 11:53:50'),
	(56,'Более 20% от стоимости контракта',1,0,0,19,'2019-02-17 11:53:57','2019-02-17 11:53:57'),
	(57,'Не менее 5% от стоимости контракта',0,0,1,19,'2019-02-17 11:54:03','2019-02-17 11:54:03'),
	(58,'Скорее всего я выиграю, ведь клиент сам меня пригласил',0,1,1,20,'2019-02-17 11:54:21','2019-03-13 17:51:59'),
	(59,'Если мне удастся предложить самую низкую цену, то я выиграю',1,0,0,20,'2019-02-17 11:54:30','2019-03-13 17:52:05'),
	(60,'Я не участвую в закрытых конкурсах, так как обычно их результат заранее известен',0,0,0,20,'2019-02-17 11:54:40','2019-03-13 17:52:12'),
	(61,'Да, заказчик же всегда смотрит на опыт работы',0,1,0,21,'2019-02-17 12:01:07','2019-03-13 17:57:01'),
	(62,'Нет, мы можем не пройти по цене',1,0,0,21,'2019-02-17 12:01:15','2019-03-13 17:57:08'),
	(63,'Да, ведь мы производим лучший квас',0,0,1,21,'2019-02-17 12:01:24','2019-03-13 17:57:17'),
	(64,'Скорее всего да, необходимо будет открыть расчётный счёт в том же банке, что и у клиента',0,0,1,22,'2019-02-17 12:01:46','2019-03-13 17:57:34'),
	(65,'Нет, это ни на что не повлияет',1,1,0,22,'2019-02-17 12:01:53','2019-03-13 17:57:40'),
	(66,'Это неважно, главное – наличие спецсчёта, без которого нельзя участвовать в госзакупках',1,0,0,22,'2019-02-17 12:02:01','2019-03-13 17:57:46'),
	(67,'Собственных средств',1,0,0,23,'2019-02-17 12:02:24','2019-03-13 17:58:05'),
	(68,'Гарантии банка из топ-10',1,1,0,23,'2019-02-17 12:02:30','2019-03-13 17:58:10'),
	(69,'Оперативно оформленного кредита',0,0,1,23,'2019-02-17 12:02:37','2019-03-13 17:58:18'),
	(70,'На портале zakupki.gov.ru',1,0,0,24,'2019-02-17 12:03:02','2019-02-17 12:03:02'),
	(71,'На сайтах крупных компаний',0,1,0,24,'2019-02-17 12:03:18','2019-02-17 12:03:18'),
	(72,'С помощью прямого поиска в интернете',0,0,1,24,'2019-02-17 12:03:26','2019-03-13 17:58:35'),
	(73,'Один месяц',0,1,1,25,'2019-02-17 12:03:57','2019-03-13 17:58:52'),
	(74,'14 дней',1,0,0,25,'2019-02-17 12:04:03','2019-03-13 17:58:58'),
	(75,'То время, которое указано в контракте',1,0,0,25,'2019-02-17 12:04:11','2019-03-13 17:59:05'),
	(76,'Да, сможем',0,1,0,26,'2019-02-17 12:09:14','2019-03-13 17:59:40'),
	(77,'Нет, не сможем',0,0,1,26,'2019-02-17 12:09:21','2019-03-13 17:59:46'),
	(78,'Чтобы понять это, нужно знать и другие условия',1,0,0,26,'2019-02-17 12:09:28','2019-03-13 17:59:53'),
	(79,'Скорее всего да, необходимо будет открыть расчётный счёт в том же банке, что и у клиента',0,0,1,27,'2019-02-17 12:09:59','2019-03-13 18:00:16'),
	(80,'Нет, это ни на что не повлияет',0,1,0,27,'2019-02-17 12:10:08','2019-03-13 18:00:23'),
	(81,'Это неважно, главное – наличие спецсчёта, без которого нельзя участвовать в госзакупках',1,0,0,27,'2019-02-17 12:10:15','2019-03-13 18:00:30'),
	(82,'Я выиграю, ведь заказчик всегда смотрит на опыт работы',0,1,1,28,'2019-02-17 12:10:41','2019-03-13 18:00:55'),
	(83,'Предыдущего опыта недостаточно, я должен подойти под все критерии заказчика',1,0,0,28,'2019-02-17 12:10:52','2019-03-13 18:01:04'),
	(84,'Всё зависит от предложенной мной цены',0,0,0,28,'2019-02-17 12:10:59','2019-03-13 18:01:13'),
	(85,'Собственных средств',1,0,0,29,'2019-02-17 12:11:23','2019-03-13 18:01:36'),
	(86,'Гарантии банка из топ-10',1,1,0,29,'2019-02-17 12:11:39','2019-03-13 18:01:42'),
	(87,'Оперативно оформленного кредита',0,0,1,29,'2019-02-17 12:11:47','2019-03-13 18:01:50'),
	(88,'Начисление процентов на остаток на спецсчёте',1,0,0,30,'2019-02-17 12:12:14','2019-03-13 18:02:09'),
	(89,'Предоставление банковской гарантии',1,1,0,30,'2019-02-17 12:12:22','2019-03-13 18:02:15'),
	(90,'Наличие помощи с оформлением документов для тендера',0,0,1,30,'2019-02-17 12:12:29','2019-03-13 18:02:20');

/*!40000 ALTER TABLE `hero_test_values` ENABLE KEYS */;
UNLOCK TABLES;


# Дамп таблицы hero_tests
# ------------------------------------------------------------

DROP TABLE IF EXISTS `hero_tests`;

CREATE TABLE `hero_tests` (
  `id` bigint(20) NOT NULL AUTO_INCREMENT,
  `name` varchar(255) DEFAULT NULL,
  `position` varchar(255) DEFAULT NULL,
  `hero_id` bigint(20) DEFAULT NULL,
  `created_at` datetime NOT NULL,
  `updated_at` datetime NOT NULL,
  PRIMARY KEY (`id`),
  KEY `index_hero_tests_on_hero_id` (`hero_id`),
  CONSTRAINT `fk_rails_4f33d2a04d` FOREIGN KEY (`hero_id`) REFERENCES `heros` (`id`)
) ENGINE=InnoDB DEFAULT CHARSET=utf8;

LOCK TABLES `hero_tests` WRITE;
/*!40000 ALTER TABLE `hero_tests` DISABLE KEYS */;

INSERT INTO `hero_tests` (`id`, `name`, `position`, `hero_id`, `created_at`, `updated_at`)
VALUES
	(1,'Моя компания на рынке','1',1,'2019-02-17 09:31:10','2019-02-17 09:31:10'),
	(2,'Я организовывал мероприятия с бюджетом более 1 млн рублей и разрабатывал маршруты разной категории сложности. Могу ли я принять участие в тендере?','2',1,'2019-02-17 09:31:27','2019-03-13 17:36:41'),
	(3,'В банке у меня открыт:','3',1,'2019-02-17 09:31:43','2019-03-11 17:10:58'),
	(4,'Я могу внести обеспечительный взнос для исполнения контракта в размере:','4',1,'2019-02-17 09:31:54','2019-03-11 17:11:24'),
	(5,'При выборе банка для открытия счёта я буду обращать внимание на:','5',1,'2019-02-17 09:32:04','2019-03-13 17:37:48'),
	(6,'Моя компания работает более четырёх лет, и за это время я успел посотрудничать:','1',2,'2019-02-17 11:19:38','2019-03-13 17:38:41'),
	(7,'У меня есть счета в разных банках, но для участия в тендере я выберу:','2',2,'2019-02-17 11:20:19','2019-03-13 17:39:14'),
	(8,'Я могу обеспечить исполнение контракта за счёт:','3',2,'2019-02-17 11:20:54','2019-03-13 17:39:59'),
	(9,'Я смогу изготовить необходимый объём продукции по контракту за:','4',2,'2019-02-17 11:21:42','2019-03-13 17:41:08'),
	(10,'Я предложил на тендере самую низкую цену. Как я оцениваю свои шансы выиграть? ','5',2,'2019-02-17 11:22:30','2019-03-13 17:41:41'),
	(11,'Наша компания на рынке ','1',3,'2019-02-17 11:39:01','2019-02-17 11:39:01'),
	(12,'В прошлом году мы выполнили первый большой заказ в качестве субподрядчика – произвели десять цистерн для «Газпрома». Можем ли мы теперь участвовать в тендерах подобных компаний ?','2',3,'2019-02-17 11:39:37','2019-03-13 17:48:01'),
	(13,'Мы можем обеспечить исполнение контракта за счёт:','3',3,'2019-02-17 11:40:50','2019-03-13 17:48:35'),
	(14,'В банке у нас открыт:','4',3,'2019-02-17 11:41:25','2019-03-13 17:49:05'),
	(15,'Где сформулированы правила участия в госзакупках?','5',3,'2019-02-17 11:48:40','2019-03-13 17:49:38'),
	(16,'Моя компания на рынке более 10 лет. Могу ли я участвовать в госзакупках?','1',4,'2019-02-17 11:50:41','2019-03-13 17:50:36'),
	(17,'Я работаю с одним банком, а клиент – с другим. Повлияет ли это на результат тендера?','2',4,'2019-02-17 11:52:17','2019-03-13 17:51:06'),
	(18,'Где я могу получить электронную цифровую подпись?','3',4,'2019-02-17 11:52:58','2019-03-13 17:51:33'),
	(19,'Я могу внести обеспечительный взнос для исполнения контракта в размере:','4',4,'2019-02-17 11:53:42','2019-03-13 17:51:43'),
	(20,'Клиент, с которым я хочу работать, проводит закрытый конкурс. Как я оцениваю свои шансы выиграть в нём?','5',4,'2019-02-17 11:54:41','2019-03-13 17:52:14'),
	(21,'Моя компания более 10 лет работает с крупными клиентами. Обеспечена ли нам победа в любом тендере? ','1',5,'2019-02-17 12:00:47','2019-03-13 17:57:19'),
	(22,' Я работаю с одним банком, а клиент – с другим. Повлияет ли это на результат тендера?','2',5,'2019-02-17 12:01:37','2019-03-13 17:57:52'),
	(23,'Я могу обеспечить исполнение контракта за счёт:','3',5,'2019-02-17 12:02:15','2019-03-13 17:58:19'),
	(24,'Ознакомиться со всеми текущими тендерами можно:','4',5,'2019-02-17 12:02:54','2019-03-13 17:58:36'),
	(25,'Я смогу изготовить необходимый объём продукции по контракту за:','5',5,'2019-02-17 12:03:49','2019-03-13 17:59:06'),
	(26,'У моей компании был опыт работы с отдалёнными и труднодоступными регионами страны, однако это было восемь лет назад. Сможем ли мы принять участие в тендере? ','1',6,'2019-02-17 12:09:05','2019-03-13 17:59:55'),
	(27,'Я работаю с одним банком, а клиент – с другим. Повлияет ли это на результат тендера?','2',6,'2019-02-17 12:09:51','2019-03-13 18:00:33'),
	(28,'У моей компании есть большой опыт работы с разными клиентами, широкая география поставок, и ранее мы уже не раз побеждали в крупных тендерах. Как я оцениваю свои шансы выиграть в этот раз?','3',6,'2019-02-17 12:10:32','2019-03-13 18:01:20'),
	(29,'Я могу обеспечить исполнение контракта за счёт:','4',6,'2019-02-17 12:11:26','2019-03-13 18:01:51'),
	(30,'При выборе банка для открытия счёта я буду обращать внимание на:','5',6,'2019-02-17 12:12:09','2019-03-13 18:02:22');

/*!40000 ALTER TABLE `hero_tests` ENABLE KEYS */;
UNLOCK TABLES;


# Дамп таблицы heros
# ------------------------------------------------------------

DROP TABLE IF EXISTS `heros`;

CREATE TABLE `heros` (
  `id` bigint(20) NOT NULL AUTO_INCREMENT,
  `name` varchar(255) DEFAULT NULL,
  `post` text,
  `site` varchar(255) DEFAULT NULL,
  `company_name` varchar(255) DEFAULT NULL,
  `description` text,
  `history` text,
  `created_at` datetime NOT NULL,
  `updated_at` datetime NOT NULL,
  PRIMARY KEY (`id`)
) ENGINE=InnoDB DEFAULT CHARSET=utf8;

LOCK TABLES `heros` WRITE;
/*!40000 ALTER TABLE `heros` DISABLE KEYS */;

INSERT INTO `heros` (`id`, `name`, `post`, `site`, `company_name`, `description`, `history`, `created_at`, `updated_at`)
VALUES
	(1,'Павел Елизаров','«Экотуризм», г. Озёрск','http://velosplav.ru','Экстремальный<br>туристический бизнес','В 2006 году Павел вместе с братом Андреем первыми в регионе начали предлагать услугу сплава на байдарках по реке Анграпе. После трёх лет развития бизнеса они сформировали собственный вело-байдарочный маршрут, а в 2013 году благодаря международным связям в рамках совместного польско-российского проекта организовали новое развлечение – верёвочный парк. В этом году портфолио их развлекательных проектов пополнилось первым в регионе кукурузным лабиринтом. Сегодня гостям Озёрска уже не хватит одного дня, чтобы принять участие во всех активностях, придуманных и реализованных братьями Елизаровыми.','Павел решил поучаствовать в тендере на организацию спортивно-экстремального мероприятия для сотрудников одной компании. Он считает, что у него достаточно опыта, благодаря которому он сможет сделать качественное мероприятие. Пройди вместе с Павлом ключевые шаги по ходу подготовки к тендеру и узнай, с какой компанией ты мог бы посотрудничать! ','2019-02-16 15:23:32','2019-03-13 17:36:03'),
	(2,'Павел Зарков','«НЗСК», г. Новосибирск','http://zavod-nzsk.ru','Производство<Br>силового кабеля','Павел Зарков является директором компании «Новосибирский Завод Силовой Кабель», основанной в 2014 году. Ключевым направлением её деятельности является производство кабельно-проводниковой продукции и её реализация оптом и в розницу для всех групп потребителей. Выпускаемая продукция соответствует всем современным требованиям существующих технических регламентов, а география её реализации включает практически все крупные города от Сибири до Дальнего Востока. \r\n','«Новосибирский Завод Силовой Кабель» принимает участие в тендере на закупку нескольких тонн силового медного кабеля. Стоимость лота составляет более 30 млн рублей. Пройди вместе с Павлом ключевые шаги по ходу подготовки к тендеру и узнай, с какой компанией ты мог бы посотрудничать! \r\n','2019-02-16 15:23:53','2019-03-13 17:38:24'),
	(3,'Руслан  Ахмадуллин','«Нефть», г. Ижевск','http://neftcom.ru','Производство ёмкостей для<br>нефтяной промышленности','ООО «Нефть», основанное Русланом Ахмадуллиным и Владленой Килиной – это современное, динамично развивающееся инжиниринговое предприятие, включающее в себя производственные, конструкторские, технологические, маркетинговые и сервисные службы. Компания имеет в своем распоряжении производственные площади и мощности, которые позволяют выполнять заказы по производству оборудования и металлоконструкций любой сложности и объёма на высоком техническом уровне в приемлемые для заказчика сроки. На предприятии имеется собственное конструкторское бюро, позволяющее в короткие сроки производить деталировочные чертежи, необходимые для производства, а также вести проектирование нестандартного оборудования и металлоконструкций.\r\n','Собственники компании уже имеют опыт выполнения крупного контракта и в этом году планируют принять участие в нескольких подобных закупках. Пройди вместе с Русланом и Владленой ключевые шаги по ходу подготовки к одному из тендеров и узнай, с какой компанией ты мог бы посотрудничать!\r\n','2019-02-16 15:24:04','2019-03-13 17:47:28'),
	(4,'Александр Федоров','«СтройДорСервис», г. Хабаровск','','Реконструкция<br>автомобильных дорог','Александр – создатель динамично развивающейся компании «СтройДорСервис», основанной в Хабаровске в 2007 году. Основным направлением деятельности компании является содержание, строительство, реконструкция и ремонт автомобильных дорог и сооружений на них.\r\n','«СтройДорСервис» активно готовится к строительному сезону и ищет новые заказы и клиентов. Цель компании в этом году – получить минимум пять крупных госзаказов на ремонт федеральных трасс в регионе. Пройди вместе с Александром ключевые шаги по ходу подготовки к одному из тендеров и узнай, с какой компанией ты мог бы посотрудничать!\r\n','2019-02-16 15:24:19','2019-03-13 17:50:04'),
	(5,'Николай Курагин','«Вятич», г. Киров\r\n','http://vyatich.ru','Производство знаменитого «Вятского» кваса','Николай является председателем совета директоров ОАО «Вятич» – одной из старейших пивоварен России, основанной в 1903 году легендарным баварским пивоваром Карлом Отто Шнейдером, поставщиком Двора Его Императорского Величества. Карл Шнейдер создал уникальную технологию, традиции которой передаются из поколения в поколение уже более ста лет. Сегодня на заводе выпускаются широкая линейка сортов непастеризованного пива, сладкие газированные напитки, минеральная вода «Живой дар» и знаменитый «Вятский» квас. Постоянная модернизация оборудования, дань традициям основателя, педантичное отношение каждого сотрудника к своему делу и ответственность перед потребителем – вот залог успеха пивоваренного завода «Вятич».','В период подготовки к жаркому летнему сезону производитель «Вятского» кваса участвует в огромном количестве тендерных закупок. Компания хочет выиграть поставки в детские лагеря, в государственные столовые и на крупные форумы, организованные на федеральном уровне. Пройди вместе с Николаем ключевые шаги по ходу подготовки к одному из тендеров и узнай, с какой компанией ты мог бы посотрудничать!','2019-02-16 15:24:30','2019-03-13 17:56:41'),
	(6,'Виктор Захаров','«Сервико», г. Иркутск','http://www.serviko.ru','Транспортно-логистический<br>бизнес','Свою историю ООО «Сервико», одним из основателей и генеральным директором которого является Виктор Захаров, начинало с маленького торгового павильона на оптовом рынке, но более чем за 20 лет проделало впечатляющий путь и выросло в огромную дистрибьюторскую и транспортную компанию в Иркутском регионе. «Сервико» имеет широкую разветвленную филиальную сеть, большие производственные мощности, а также наибольшее среди своих конкурентов количество контрактов с крупнейшими российскими производителями. Кроме того, в 2006 году на фоне плохого развития логистического бизнеса в регионе, огромного числа клиентов по всей области и желания диверсифицировать свой бизнес было принято решение об основании в рамках бизнеса «Сервико» отдельной транспортной компании «СЕРВИКО-авто». Всё это позволяет говорить о том, что «Сервико» – один из важнейших брендов Иркутской области.','Отдел продаж «Сервико» принимает участие в тендере на поставку крупной партии бакалейных товаров в северные районы Республики Саха (Якутия). Сумма лота составляет более 35 млн рублей. Пройди вместе с Виктором ключевые шаги по ходу подготовки к тендеру и узнай, с какой компанией ты мог бы посотрудничать!','2019-02-16 15:24:41','2019-03-13 17:59:27');

/*!40000 ALTER TABLE `heros` ENABLE KEYS */;
UNLOCK TABLES;


# Дамп таблицы schema_migrations
# ------------------------------------------------------------

DROP TABLE IF EXISTS `schema_migrations`;

CREATE TABLE `schema_migrations` (
  `version` varchar(255) NOT NULL,
  PRIMARY KEY (`version`)
) ENGINE=InnoDB DEFAULT CHARSET=utf8;

LOCK TABLES `schema_migrations` WRITE;
/*!40000 ALTER TABLE `schema_migrations` DISABLE KEYS */;

INSERT INTO `schema_migrations` (`version`)
VALUES
	('20190216151851'),
	('20190216152722'),
	('20190217092639'),
	('20190217092832'),
	('20190217095224'),
	('20190221051109'),
	('20190221053917'),
	('20190223130626'),
	('20190227162104'),
	('20190227164428'),
	('20190227164517');

/*!40000 ALTER TABLE `schema_migrations` ENABLE KEYS */;
UNLOCK TABLES;


# Дамп таблицы users
# ------------------------------------------------------------

DROP TABLE IF EXISTS `users`;

CREATE TABLE `users` (
  `id` bigint(20) NOT NULL AUTO_INCREMENT,
  `code` varchar(255) DEFAULT NULL,
  `email_form` varchar(255) DEFAULT NULL,
  `vk` varchar(255) DEFAULT NULL,
  `send_book` tinyint(1) DEFAULT NULL,
  `email` varchar(255) NOT NULL DEFAULT '',
  `phone` varchar(255) DEFAULT NULL,
  `ip` varchar(255) DEFAULT NULL,
  `encrypted_password` varchar(255) NOT NULL DEFAULT '',
  `hero_id` bigint(20) DEFAULT NULL,
  `test_1` int(11) DEFAULT NULL,
  `test_2` int(11) DEFAULT NULL,
  `test_3` int(11) DEFAULT NULL,
  `test_4` int(11) DEFAULT NULL,
  `test_5` int(11) DEFAULT NULL,
  `company_id` bigint(20) DEFAULT NULL,
  `type_description` int(11) DEFAULT NULL,
  `reset_password_token` varchar(255) DEFAULT NULL,
  `reset_password_sent_at` datetime DEFAULT NULL,
  `remember_created_at` datetime DEFAULT NULL,
  `created_at` datetime NOT NULL,
  `updated_at` datetime NOT NULL,
  PRIMARY KEY (`id`),
  UNIQUE KEY `index_users_on_email` (`email`),
  UNIQUE KEY `index_users_on_reset_password_token` (`reset_password_token`),
  KEY `index_users_on_hero_id` (`hero_id`),
  KEY `index_users_on_company_id` (`company_id`),
  CONSTRAINT `fk_rails_7682a3bdfe` FOREIGN KEY (`company_id`) REFERENCES `companies` (`id`),
  CONSTRAINT `fk_rails_c2b058a079` FOREIGN KEY (`hero_id`) REFERENCES `heros` (`id`)
) ENGINE=InnoDB DEFAULT CHARSET=utf8;

LOCK TABLES `users` WRITE;
/*!40000 ALTER TABLE `users` DISABLE KEYS */;

INSERT INTO `users` (`id`, `code`, `email_form`, `vk`, `send_book`, `email`, `phone`, `ip`, `encrypted_password`, `hero_id`, `test_1`, `test_2`, `test_3`, `test_4`, `test_5`, `company_id`, `type_description`, `reset_password_token`, `reset_password_sent_at`, `remember_created_at`, `created_at`, `updated_at`)
VALUES
	(2,NULL,NULL,NULL,0,'user_1552996619@example.com',NULL,'127.0.0.1','',1,2,4,9,11,14,1,1,NULL,NULL,NULL,'2019-03-19 11:56:59','2019-03-19 12:15:27'),
	(3,NULL,NULL,NULL,0,'user_1554050415@example.com',NULL,'127.0.0.1','',NULL,NULL,NULL,NULL,NULL,NULL,NULL,NULL,NULL,NULL,NULL,'2019-03-31 16:40:15','2019-03-31 16:40:15'),
	(4,NULL,NULL,NULL,0,'user_1561360226@example.com',NULL,'127.0.0.1','',1,1,5,9,12,14,12,1,NULL,NULL,NULL,'2019-06-24 07:10:26','2019-06-24 07:19:16'),
	(5,NULL,NULL,NULL,0,'user_1587837644@example.com',NULL,'127.0.0.1','',3,31,34,38,41,43,3,0,NULL,NULL,NULL,'2020-04-25 18:00:44','2020-04-25 18:02:39');

/*!40000 ALTER TABLE `users` ENABLE KEYS */;
UNLOCK TABLES;



/*!40111 SET SQL_NOTES=@OLD_SQL_NOTES */;
/*!40101 SET SQL_MODE=@OLD_SQL_MODE */;
/*!40014 SET FOREIGN_KEY_CHECKS=@OLD_FOREIGN_KEY_CHECKS */;
/*!40101 SET CHARACTER_SET_CLIENT=@OLD_CHARACTER_SET_CLIENT */;
/*!40101 SET CHARACTER_SET_RESULTS=@OLD_CHARACTER_SET_RESULTS */;
/*!40101 SET COLLATION_CONNECTION=@OLD_COLLATION_CONNECTION */;
